Accession_name,Line_name,s-identidier,cultivar_name,accession_type,accession_source,species
U.Notthm_BnASSYST-001,BnASSYST-001, SRR3134012,Alesi,Modern winter OSR,Nottingham,Brassica Napus
U.Notthm_BnASSYST-002,BnASSYST-002, SRR3134013,Remy,Modern winter OSR,Nottingham,Brassica Napus
U.Notthm_BnASSYST-003,BnASSYST-003, SRR3134014,Robust,Modern winter OSR,Nottingham,Brassica Napus
U.Notthm_BnASSYST-004,BnASSYST-004, SRR3134015,Alaska,Modern winter OSR,Nottingham,Brassica Napus
U.Notthm_BnASSYST-005,BnASSYST-005, SRR3134016,Pirola,Modern winter OSR,Nottingham,Brassica Napus
U.Notthm_BnASSYST-007,BnASSYST-007, SRR3134017,Milena,Modern winter OSR,Nottingham,Brassica Napus
U.Notthm_BnASSYST-008,BnASSYST-008, SRR3134018,Allure,Modern winter OSR,Nottingham,Brassica Napus
U.Notthm_BnASSYST-009,BnASSYST-009, SRR3134019,Agalon,Modern winter OSR,Nottingham,Brassica Napus
U.Notthm_BnASSYST-010,BnASSYST-010,,K615,Modern winter OSR,Nottingham,Brassica Napus
U.Notthm_BnASSYST-011,BnASSYST-011, SRR3134021,Picasso,Modern winter OSR,Nottingham,Brassica Napus
U.Notthm_BnASSYST-012,BnASSYST-012, SRR3134022,Lord,Modern winter OSR,Nottingham,Brassica Napus
U.Notthm_BnASSYST-013,BnASSYST-013,,KW3077,Modern winter OSR,Nottingham,Brassica Napus
U.Notthm_BnASSYST-014,BnASSYST-014, SRR3134024,Rodeo,Modern winter OSR,Nottingham,Brassica Napus
U.Notthm_BnASSYST-015,BnASSYST-015, SRR3134025,Rapid,Modern winter OSR,Nottingham,Brassica Napus
U.Notthm_BnASSYST-016,BnASSYST-016, SRR3134026,Boston,Modern winter OSR,Nottingham,Brassica Napus
U.Notthm_BnASSYST-017,BnASSYST-017, SRR3134027,Escort,Modern winter OSR,Nottingham,Brassica Napus
U.Notthm_BnASSYST-018,BnASSYST-018, SRR3134028,Montego,Modern winter OSR,Nottingham,Brassica Napus
U.Notthm_BnASSYST-020,BnASSYST-020, SRR3134029,Pacific,Modern winter OSR,Nottingham,Brassica Napus
U.Notthm_BnASSYST-021,BnASSYST-021, SRR3134030,Savannah,Modern winter OSR,Nottingham,Brassica Napus
U.Notthm_BnASSYST-022,BnASSYST-022, SRR3134031,Missouri,Modern winter OSR,Nottingham,Brassica Napus
U.Notthm_BnASSYST-023,BnASSYST-023, SRR3134032,Manitoba,Modern winter OSR,Nottingham,Brassica Napus
U.Notthm_BnASSYST-024,BnASSYST-024, SRR3134033,Ladoga,Modern winter OSR,Nottingham,Brassica Napus
U.Notthm_BnASSYST-025,BnASSYST-025, SRR3134034,Atlantic,Modern winter OSR,Nottingham,Brassica Napus
U.Notthm_BnASSYST-026,BnASSYST-026, SRR3134035,Cooper,Modern winter OSR,Nottingham,Brassica Napus
U.Notthm_BnASSYST-027,BnASSYST-027, SRR3134036,Licapo,Modern winter OSR,Nottingham,Brassica Napus
U.Notthm_BnASSYST-028,BnASSYST-028, SRR3134037,Capitol,Modern winter OSR,Nottingham,Brassica Napus
U.Notthm_BnASSYST-029,BnASSYST-029, SRR3134038,Idol,Modern winter OSR,Nottingham,Brassica Napus
U.Notthm_BnASSYST-030,BnASSYST-030, SRR3134039,Vivol,Modern winter OSR,Nottingham,Brassica Napus
U.Notthm_BnASSYST-031,BnASSYST-031, SRR3134040,BRISTOL,Modern winter OSR,Nottingham,Brassica Napus
U.Notthm_BnASSYST-032,BnASSYST-032, SRR3134041,Lirajet,Modern winter OSR,Nottingham,Brassica Napus
U.Notthm_BnASSYST-033,BnASSYST-033, SRR3134042,Lisabeth,Modern winter OSR,Nottingham,Brassica Napus
U.Notthm_BnASSYST-034,BnASSYST-034, SRR3134043,Lipid,Modern winter OSR,Nottingham,Brassica Napus
U.Notthm_BnASSYST-035,BnASSYST-035, SRR3134044,Lipton,Modern winter OSR,Nottingham,Brassica Napus
U.Notthm_BnASSYST-036,BnASSYST-036, SRR3134045,Lisek,Modern winter OSR,Nottingham,Brassica Napus
U.Notthm_BnASSYST-037,BnASSYST-037, SRR3134046,Contact,Modern winter OSR,Nottingham,Brassica Napus
U.Notthm_BnASSYST-038,BnASSYST-038, SRR3134047,Lion,Modern winter OSR,Nottingham,Brassica Napus
U.Notthm_BnASSYST-039,BnASSYST-039, SRR3134048,OASE,Modern winter OSR,Nottingham,Brassica Napus
U.Notthm_BnASSYST-040,BnASSYST-040, SRR3134049,Apex,Modern winter OSR,Nottingham,Brassica Napus
U.Notthm_BnASSYST-042,BnASSYST-042, SRR3134050,Magnum,Modern winter OSR,Nottingham,Brassica Napus
U.Notthm_BnASSYST-044,BnASSYST-044, SRR3134051,Laser,Modern winter OSR,Nottingham,Brassica Napus
U.Notthm_BnASSYST-045,BnASSYST-045, SRR3134052,Fortis,Modern winter OSR,Nottingham,Brassica Napus
U.Notthm_BnASSYST-046,BnASSYST-046, SRR3134053,Smart,Modern winter OSR,Nottingham,Brassica Napus
U.Notthm_BnASSYST-047,BnASSYST-047, SRR3134054,Roxet,Modern winter OSR,Nottingham,Brassica Napus
U.Notthm_BnASSYST-048,BnASSYST-048, SRR3134055,NK Bravour,Modern winter OSR,Nottingham,Brassica Napus
U.Notthm_BnASSYST-049,BnASSYST-049, SRR3134056,NK Fair,Modern winter OSR,Nottingham,Brassica Napus
U.Notthm_BnASSYST-050,BnASSYST-050, SRR3134057,Aviso,Modern winter OSR,Nottingham,Brassica Napus
U.Notthm_BnASSYST-051,BnASSYST-051, SRR3134058,Sansibar,Modern winter OSR,Nottingham,Brassica Napus
U.Notthm_BnASSYST-052,BnASSYST-052, SRR3134059,SWGospel,Modern winter OSR,Nottingham,Brassica Napus
U.Notthm_BnASSYST-053,BnASSYST-053, SRR3134060,Verona,Modern winter OSR,Nottingham,Brassica Napus
U.Notthm_BnASSYST-054,BnASSYST-054, SRR3134061,Tenor,Modern winter OSR,Nottingham,Brassica Napus
U.Notthm_BnASSYST-055,BnASSYST-055, SRR3134062,Expert,Modern winter OSR,Nottingham,Brassica Napus
U.Notthm_BnASSYST-056,BnASSYST-056, SRR3134063,Musette,Modern winter OSR,Nottingham,Brassica Napus
U.Notthm_BnASSYST-057,BnASSYST-057, SRR3134064,Kvintett,Modern winter OSR,Nottingham,Brassica Napus
U.Notthm_BnASSYST-058,BnASSYST-058, SRR3134065,Falstaff,Modern winter OSR,Nottingham,Brassica Napus
U.Notthm_BnASSYST-059,BnASSYST-059, SRR3134066,SW Sinatra,Modern winter OSR,Nottingham,Brassica Napus
U.Notthm_BnASSYST-060,BnASSYST-060, SRR3134067,Viking,Modern winter OSR,Nottingham,Brassica Napus
U.Notthm_BnASSYST-061,BnASSYST-061, SRR3134068,Aragon,Modern winter OSR,Nottingham,Brassica Napus
U.Notthm_BnASSYST-062,BnASSYST-062, SRR3134069,Aurum,Modern winter OSR,Nottingham,Brassica Napus
U.Notthm_BnASSYST-065,BnASSYST-065, SRR3134070,Rasmus,Modern winter OSR,Nottingham,Brassica Napus
U.Notthm_BnASSYST-066,BnASSYST-066, SRR3134071,Gefion,Modern winter OSR,Nottingham,Brassica Napus
U.Notthm_BnASSYST-067,BnASSYST-067, SRR3134072,Nugget,Modern winter OSR,Nottingham,Brassica Napus
U.Notthm_BnASSYST-068,BnASSYST-068, SRR3134073,Zephir,Modern winter OSR,Nottingham,Brassica Napus
U.Notthm_BnASSYST-069,BnASSYST-069, SRR3134074,SLM 0413,Modern winter OSR,Nottingham,Brassica Napus
U.Notthm_BnASSYST-070,BnASSYST-070, SRR3134075,SLM 0512,Modern winter OSR,Nottingham,Brassica Napus
U.Notthm_BnASSYST-071,BnASSYST-071, SRR3134076,LSF 0519,Modern winter OSR,Nottingham,Brassica Napus
U.Notthm_BnASSYST-072,BnASSYST-072, SRR3134077,Beluga,Modern winter OSR,Nottingham,Brassica Napus
U.Notthm_BnASSYST-073,BnASSYST-073, SRR3134078,Amor,Modern winter OSR,Nottingham,Brassica Napus
U.Notthm_BnASSYST-074,BnASSYST-074, SRR3134079,Ascona,Modern winter OSR,Nottingham,Brassica Napus
U.Notthm_BnASSYST-075,BnASSYST-075, SRR3134080,Campari,Modern winter OSR,Nottingham,Brassica Napus
U.Notthm_BnASSYST-076,BnASSYST-076, SRR3134081,Caramba,Modern winter OSR,Nottingham,Brassica Napus
U.Notthm_BnASSYST-077,BnASSYST-077, SRR3134082,Duell,Modern winter OSR,Nottingham,Brassica Napus
U.Notthm_BnASSYST-078,BnASSYST-078, SRR3134083,Express 617,Modern winter OSR,Nottingham,Brassica Napus
U.Notthm_BnASSYST-079,BnASSYST-079, SRR3134084,Jessica,Modern winter OSR,Nottingham,Brassica Napus
U.Notthm_BnASSYST-080,BnASSYST-080, SRR3134085,Orlando,Modern winter OSR,Nottingham,Brassica Napus
U.Notthm_BnASSYST-081,BnASSYST-081, SRR3134086,Pollen,Modern winter OSR,Nottingham,Brassica Napus
U.Notthm_BnASSYST-082,BnASSYST-082, SRR3134087,Prince,Modern winter OSR,Nottingham,Brassica Napus
U.Notthm_BnASSYST-083,BnASSYST-083, SRR3134088,Wotan,Modern winter OSR,Nottingham,Brassica Napus
U.Notthm_BnASSYST-084,BnASSYST-084, SRR3134089,NK Nemax,Modern winter OSR,Nottingham,Brassica Napus
U.Notthm_BnASSYST-085,BnASSYST-085, SRR3134090,NK Passion,Modern winter OSR,Nottingham,Brassica Napus
U.Notthm_BnASSYST-088,BnASSYST-088,,KW1519,Modern winter OSR,Nottingham,Brassica Napus
U.Notthm_BnASSYST-089,BnASSYST-089, SRR3134092,AMBER X COMMANCHE DH LINE,Winter OSR,Nottingham,Brassica Napus
U.Notthm_BnASSYST-090,BnASSYST-090, SRR3134093,APEX-93_5 X GINYOU_3 DH LINE,Winter OSR,Nottingham,Brassica Napus
U.Notthm_BnASSYST-091,BnASSYST-091, SRR3134094,BIENVENU DH4,Winter OSR,Nottingham,Brassica Napus
U.Notthm_BnASSYST-093,BnASSYST-093, SRR3134095,CANBERRA x COURAGE DH LINE,Winter OSR,Nottingham,Brassica Napus
U.Notthm_BnASSYST-096,BnASSYST-096, SRR3134096,HANSEN X GASPARD DH LINE,Winter OSR,Nottingham,Brassica Napus
U.Notthm_BnASSYST-097,BnASSYST-097, SRR3134097,MADRIGAL x RECITAL DH LINE,Winter OSR,Nottingham,Brassica Napus
U.Notthm_BnASSYST-098,BnASSYST-098, SRR3134098,RAFAL DH1,Winter OSR,Nottingham,Brassica Napus
U.Notthm_BnASSYST-099,BnASSYST-099, SRR3134099,TAPIDOR DH,Winter OSR,Nottingham,Brassica Napus
U.Notthm_BnASSYST-101,BnASSYST-101, SRR3134100,EUROL,Winter OSR,Nottingham,Brassica Napus
U.Notthm_BnASSYST-102,BnASSYST-102, SRR3134101,Lesira,Winter OSR,Nottingham,Brassica Napus
U.Notthm_BnASSYST-105,BnASSYST-105, SRR3134102,LICROWN X EXPRESS DH LINE,Winter OSR,Nottingham,Brassica Napus
U.Notthm_BnASSYST-106,BnASSYST-106, SRR3134103,SHANNON x WINNER DH LINE,Winter OSR,Nottingham,Brassica Napus
U.Notthm_BnASSYST-107,BnASSYST-107, SRR3134104,JANETZKIS SCHLESISCHER,Winter OSR,Nottingham,Brassica Napus
U.Notthm_BnASSYST-108,BnASSYST-108, SRR3134105,LEMBKES MALCHOWER (LENORA),Winter OSR,Nottingham,Brassica Napus
U.Notthm_BnASSYST-109,BnASSYST-109, SRR3134106,NORIN,Winter OSR,Nottingham,Brassica Napus
U.Notthm_BnASSYST-110,BnASSYST-110, SRR3134107,OLIMPIADE,Winter OSR,Nottingham,Brassica Napus
U.Notthm_BnASSYST-112,BnASSYST-112, SRR3134108,Mansholt,Winter OSR,Nottingham,Brassica Napus
U.Notthm_BnASSYST-113,BnASSYST-113, SRR3134109,Samourai,Winter OSR,Nottingham,Brassica Napus
U.Notthm_BnASSYST-114,BnASSYST-114, SRR3134110,Sollux,Winter OSR,Nottingham,Brassica Napus
U.Notthm_BnASSYST-115,BnASSYST-115, SRR3134111,Akela,Winter OSR,Nottingham,Brassica Napus
U.Notthm_BnASSYST-116,BnASSYST-116, SRR3134112,Erox,Winter OSR,Nottingham,Brassica Napus
U.Notthm_BnASSYST-117,BnASSYST-117, SRR3134113,Maplus,Winter OSR,Nottingham,Brassica Napus
U.Notthm_BnASSYST-118,BnASSYST-118, SRR3134114,Askari,Winter OSR,Nottingham,Brassica Napus
U.Notthm_BnASSYST-119,BnASSYST-119, SRR3134115,Lirabon,Winter OSR,Nottingham,Brassica Napus
U.Notthm_BnASSYST-121,BnASSYST-121, SRR3134116,JetNeuf,Winter OSR,Nottingham,Brassica Napus
U.Notthm_BnASSYST-122,BnASSYST-122, SRR3134117,Cobra,Winter OSR,Nottingham,Brassica Napus
U.Notthm_BnASSYST-123,BnASSYST-123, SRR3134118,Falcon,Winter OSR,Nottingham,Brassica Napus
U.Notthm_BnASSYST-124,BnASSYST-124, SRR3134119,Mohican,Winter OSR,Nottingham,Brassica Napus
U.Notthm_BnASSYST-125,BnASSYST-125, SRR3134120,Flip,Winter OSR,Nottingham,Brassica Napus
U.Notthm_BnASSYST-126,BnASSYST-126, SRR3134121,Zenith,Winter OSR,Nottingham,Brassica Napus
U.Notthm_BnASSYST-127,BnASSYST-127, SRR3134122,Phil,Winter OSR,Nottingham,Brassica Napus
U.Notthm_BnASSYST-128,BnASSYST-128, SRR3134123,Leopard,Winter OSR,Nottingham,Brassica Napus
U.Notthm_BnASSYST-129,BnASSYST-129, SRR3134124,RESYN-H048,Winter OSR,Nottingham,Brassica Napus
U.Notthm_BnASSYST-130,BnASSYST-130, SRR3134125,Resyn-G_ S4,Winter OSR,Nottingham,Brassica Napus
U.Notthm_BnASSYST-131,BnASSYST-131, SRR3134126,Resyn-G_ H226,Winter OSR,Nottingham,Brassica Napus
U.Notthm_BnASSYST-132,BnASSYST-132, SRR3134127,Anja,Winter OSR,Nottingham,Brassica Napus
U.Notthm_BnASSYST-133,BnASSYST-133, SRR3134128,Baltia,Winter OSR,Nottingham,Brassica Napus
U.Notthm_BnASSYST-135,BnASSYST-135, SRR3134129,Brink,Winter OSR,Nottingham,Brassica Napus
U.Notthm_BnASSYST-136,BnASSYST-136, SRR3134130,Ceres,Winter OSR,Nottingham,Brassica Napus
U.Notthm_BnASSYST-137,BnASSYST-137, SRR3134131,Coriander,Winter OSR,Nottingham,Brassica Napus
U.Notthm_BnASSYST-138,BnASSYST-138, SRR3134132,Diamant,Winter OSR,Nottingham,Brassica Napus
U.Notthm_BnASSYST-139,BnASSYST-139, SRR3134133,Dippes,Winter OSR,Nottingham,Brassica Napus
U.Notthm_BnASSYST-140,BnASSYST-140, SRR3134134,Doral,Winter OSR,Nottingham,Brassica Napus
U.Notthm_BnASSYST-141,BnASSYST-141, SRR3134135,Edita,Winter OSR,Nottingham,Brassica Napus
U.Notthm_BnASSYST-143,BnASSYST-143, SRR3134136,Gross-Luesewitzer ,Winter OSR,Nottingham,Brassica Napus
U.Notthm_BnASSYST-144,BnASSYST-144, SRR3134137,Gülzower Öquell,Winter OSR,Nottingham,Brassica Napus
U.Notthm_BnASSYST-145,BnASSYST-145, SRR3134138,Hokkai 3-Go,Winter OSR,Nottingham,Brassica Napus
U.Notthm_BnASSYST-146,BnASSYST-146, SRR3134139,Janpol,Winter OSR,Nottingham,Brassica Napus
U.Notthm_BnASSYST-147,BnASSYST-147, SRR3134140,Jantar,Winter OSR,Nottingham,Brassica Napus
U.Notthm_BnASSYST-148,BnASSYST-148, SRR3134141,Jupiter,Winter OSR,Nottingham,Brassica Napus
U.Notthm_BnASSYST-149,BnASSYST-149, SRR3134142,Krapphauser,Winter OSR,Nottingham,Brassica Napus
U.Notthm_BnASSYST-150,BnASSYST-150, SRR3134143,Kromerska,Winter OSR,Nottingham,Brassica Napus
U.Notthm_BnASSYST-151,BnASSYST-151, SRR3138274;SRR3134144,Librador,Winter OSR,Nottingham,Brassica Napus
U.Notthm_BnASSYST-152,BnASSYST-152, SRR3134145,Libritta,Winter OSR,Nottingham,Brassica Napus
U.Notthm_BnASSYST-153,BnASSYST-153, SRR3134146,Liglory,Winter OSR,Nottingham,Brassica Napus
U.Notthm_BnASSYST-154,BnASSYST-154, SRR3134147,Liporta,Winter OSR,Nottingham,Brassica Napus
U.Notthm_BnASSYST-155,BnASSYST-155, SRR3134148,Lirafit,Winter OSR,Nottingham,Brassica Napus
U.Notthm_BnASSYST-156,BnASSYST-156, SRR3134149,Lirakotta,Winter OSR,Nottingham,Brassica Napus
U.Notthm_BnASSYST-157,BnASSYST-157, SRR3134150,Madora,Winter OSR,Nottingham,Brassica Napus
U.Notthm_BnASSYST-160,BnASSYST-160, SRR3134151,Matador,Winter OSR,Nottingham,Brassica Napus
U.Notthm_BnASSYST-161,BnASSYST-161, SRR3134152,Mestnij,Winter OSR,Nottingham,Brassica Napus
U.Notthm_BnASSYST-162,BnASSYST-162, SRR3134153,Moldavia,Winter OSR,Nottingham,Brassica Napus
U.Notthm_BnASSYST-163,BnASSYST-163, SRR3134154,Mytnickij,Winter OSR,Nottingham,Brassica Napus
U.Notthm_BnASSYST-164,BnASSYST-164, SRR3134155,Nemertschanskij 1,Winter OSR,Nottingham,Brassica Napus
U.Notthm_BnASSYST-165,BnASSYST-165, SRR3134156,Norde,Winter OSR,Nottingham,Brassica Napus
U.Notthm_BnASSYST-166,BnASSYST-166, SRR3134157,Panter,Winter OSR,Nottingham,Brassica Napus
U.Notthm_BnASSYST-168,BnASSYST-168, SRR3134158,Ramses,Winter OSR,Nottingham,Brassica Napus
U.Notthm_BnASSYST-169,BnASSYST-169, SRR3134159,Sarepta,Winter OSR,Nottingham,Brassica Napus
U.Notthm_BnASSYST-170,BnASSYST-170, SRR3134160,Skrzeszowicki,Winter OSR,Nottingham,Brassica Napus
U.Notthm_BnASSYST-171,BnASSYST-171, SRR3134161,Skziverskij,Winter OSR,Nottingham,Brassica Napus
U.Notthm_BnASSYST-172,BnASSYST-172, SRR3134162,Slovenska Krajova,Winter OSR,Nottingham,Brassica Napus
U.Notthm_BnASSYST-173,BnASSYST-173, SRR3134163,Sobotkowski,Winter OSR,Nottingham,Brassica Napus
U.Notthm_BnASSYST-174,BnASSYST-174, SRR3134164,Sonnengold,Winter OSR,Nottingham,Brassica Napus
U.Notthm_BnASSYST-175,BnASSYST-175, SRR3134165,Start,Winter OSR,Nottingham,Brassica Napus
U.Notthm_BnASSYST-176,BnASSYST-176, SRR3134166,Trebicska,Winter OSR,Nottingham,Brassica Napus
U.Notthm_BnASSYST-178,BnASSYST-178, SRR3134167,Vinnickij 15/59,Winter OSR,Nottingham,Brassica Napus
U.Notthm_BnASSYST-179,BnASSYST-179, SRR3134168,Wolynski,Winter OSR,Nottingham,Brassica Napus
U.Notthm_BnASSYST-180,BnASSYST-180, SRR3134169,V8,Winter OSR,Nottingham,Brassica Napus
U.Notthm_BnASSYST-183,BnASSYST-183, SRR3134170,K26-96,Winter OSR,Nottingham,Brassica Napus
U.Notthm_BnASSYST-184,BnASSYST-184, SRR3134171,R53,Winter OSR,Nottingham,Brassica Napus
U.Notthm_BnASSYST-185,BnASSYST-185, SRR3134172,CANARD,Winter fodder,Nottingham,Brassica Napus
U.Notthm_BnASSYST-186,BnASSYST-186, SRR3134173,"MOANA, MOANA RAPE",Winter fodder,Nottingham,Brassica Napus
U.Notthm_BnASSYST-187,BnASSYST-187, SRR3134174,WINFRED,Winter fodder,Nottingham,Brassica Napus
U.Notthm_BnASSYST-188,BnASSYST-188, SRR3134175,EMERALD,Winter fodder,Nottingham,Brassica Napus
U.Notthm_BnASSYST-189,BnASSYST-189, SRR3134176,FORA,Winter fodder,Nottingham,Brassica Napus
U.Notthm_BnASSYST-190,BnASSYST-190, SRR3134177,Aphid Resistant Rape,Winter fodder,Nottingham,Brassica Napus
U.Notthm_BnASSYST-191,BnASSYST-191, SRR3134178,Binera,Winter fodder,Nottingham,Brassica Napus
U.Notthm_BnASSYST-193,BnASSYST-193, SRR3134179,Dwarf Essex,Winter fodder,Nottingham,Brassica Napus
U.Notthm_BnASSYST-194,BnASSYST-194, SRR3134180,English Giant,Winter fodder,Nottingham,Brassica Napus
U.Notthm_BnASSYST-195,BnASSYST-195, SRR3134181,Liragrün,Winter fodder,Nottingham,Brassica Napus
U.Notthm_BnASSYST-196,BnASSYST-196, SRR3134182,Michinaku natane,Winter fodder,Nottingham,Brassica Napus
U.Notthm_BnASSYST-197,BnASSYST-197, SRR3134183,Nunsdale,Winter fodder,Nottingham,Brassica Napus
U.Notthm_BnASSYST-199,BnASSYST-199, SRR3134184,Parapluie,Winter fodder,Nottingham,Brassica Napus
U.Notthm_BnASSYST-200,BnASSYST-200, SRR3134185,Samo,Winter fodder,Nottingham,Brassica Napus
U.Notthm_BnASSYST-201,BnASSYST-201, SRR3134186,Silona,Winter fodder,Nottingham,Brassica Napus
U.Notthm_BnASSYST-202,BnASSYST-202, SRR3134187,Chuosenshu,Exotics Winter vegetable,Nottingham,Brassica Napus
U.Notthm_BnASSYST-203,BnASSYST-203, SRR3134188,Taisetsu,Exotics Winter vegetable,Nottingham,Brassica Napus
U.Notthm_BnASSYST-204,BnASSYST-204, SRR3134189,Q100,Exotics synthetic,Nottingham,Brassica Napus
U.Notthm_BnASSYST-206,BnASSYST-206, SRR3134190,BRAUNER SCHNITTKOHL,Exotics Siberian kale,Nottingham,Brassica Napus
U.Notthm_BnASSYST-207,BnASSYST-207, SRR3134191,CHEMBERE DZAGUMHANA,Exotics unspecified,Nottingham,Brassica Napus
U.Notthm_BnASSYST-208,BnASSYST-208, SRR3134192,COUVE NABICA,Exotics cauve nabica,Nottingham,Brassica Napus
U.Notthm_BnASSYST-209,BnASSYST-209, SRR3134193,RAGGED JACK,Exotics rape kale,Nottingham,Brassica Napus
U.Notthm_BnASSYST-210,BnASSYST-210, SRR3134194,RED RUSSIAN,Exotics Siberian kale,Nottingham,Brassica Napus
U.Notthm_BnASSYST-211,BnASSYST-211, SRR3134195,SIBERISCHE BOERENKOOL,Exotics Siberian kale,Nottingham,Brassica Napus
U.Notthm_BnASSYST-212,BnASSYST-212, SRR3134196,"SLAPSKA, SLAPY",Exotics unspecified,Nottingham,Brassica Napus
U.Notthm_BnASSYST-213,BnASSYST-213, SRR3134197,ABUKUMA NATANE,Exotics Winter OSR,Nottingham,Brassica Napus
U.Notthm_BnASSYST-214,BnASSYST-214, SRR3134198,PI271452,Exotics unspecified,Nottingham,Brassica Napus
U.Notthm_BnASSYST-216,BnASSYST-216, SRR3134199,E94197,Exotics unspecified,Nottingham,Brassica Napus
U.Notthm_BnASSYST-217,BnASSYST-217, SRR3134200,EVVIN,Exotics var. napus,Nottingham,Brassica Napus
U.Notthm_BnASSYST-218,BnASSYST-218, SRR3134201,GROENE GRONINGER SNIJMOES,Exotics unspecified,Nottingham,Brassica Napus
U.Notthm_BnASSYST-219,BnASSYST-219, SRR3134202,GR_NER SCHNITTKOHL,Exotics Siberian kale,Nottingham,Brassica Napus
U.Notthm_BnASSYST-221,BnASSYST-221, SRR3134203,RAPID CYCLING RAPE (CrGC5),Exotics rape kale,Nottingham,Brassica Napus
U.Notthm_BnASSYST-222,BnASSYST-222, SRR3134204,RUSSIAN KALE,Exotics Spring vegetable,Nottingham,Brassica Napus
U.Notthm_BnASSYST-224,BnASSYST-224, SRR3134205,WILD ACCESSION,Exotics wild accession,Nottingham,Brassica Napus
U.Notthm_BnASSYST-229,BnASSYST-229, SRR3134206,SWU Chinese 1,Exotics Semiwinter OSR,Nottingham,Brassica Napus
U.Notthm_BnASSYST-230,BnASSYST-230, SRR3134207,SWU Chinese 2,Exotics Semiwinter OSR,Nottingham,Brassica Napus
U.Notthm_BnASSYST-231,BnASSYST-231, SRR3134208,SWU Chinese 3,Exotics Semiwinter OSR,Nottingham,Brassica Napus
U.Notthm_BnASSYST-232,BnASSYST-232, SRR3134209,SWU Chinese 5,Exotics Semiwinter OSR,Nottingham,Brassica Napus
U.Notthm_BnASSYST-235,BnASSYST-235, SRR3134210,SWU Chinese 8,Exotics Semiwinter OSR,Nottingham,Brassica Napus
U.Notthm_BnASSYST-236,BnASSYST-236, SRR3134211,SWU Chinese 9,Exotics Semiwinter OSR,Nottingham,Brassica Napus
U.Notthm_BnASSYST-237,BnASSYST-237, SRR3134212,Zhouyou,Exotics Semiwinter OSR,Nottingham,Brassica Napus
U.Notthm_BnASSYST-238,BnASSYST-238, SRR3134213,Drakkar,Spring OSR,Nottingham,Brassica Napus
U.Notthm_BnASSYST-239,BnASSYST-239, SRR3134214;SRR3138273,STELLAR DH,Spring OSR,Nottingham,Brassica Napus
U.Notthm_BnASSYST-240,BnASSYST-240, SRR3134215,WESTAR DH,Spring OSR,Nottingham,Brassica Napus
U.Notthm_BnASSYST-241,BnASSYST-241, SRR3134216,YUDAL,Spring OSR,Nottingham,Brassica Napus
U.Notthm_BnASSYST-242,BnASSYST-242, SRR3134217,BRUTOR,Spring OSR,Nottingham,Brassica Napus
U.Notthm_BnASSYST-244,BnASSYST-244, SRR3134218,COMET,Spring OSR,Nottingham,Brassica Napus
U.Notthm_BnASSYST-245,BnASSYST-245, SRR3134219,CRESOR,Spring OSR,Nottingham,Brassica Napus
U.Notthm_BnASSYST-250,BnASSYST-250, SRR3134220,INDUSTRY,Spring OSR,Nottingham,Brassica Napus
U.Notthm_BnASSYST-251,BnASSYST-251, SRR3134221,KARAT,Spring OSR,Nottingham,Brassica Napus
U.Notthm_BnASSYST-252,BnASSYST-252, SRR3134222,MARINKA,Spring OSR,Nottingham,Brassica Napus
U.Notthm_BnASSYST-253,BnASSYST-253, SRR3134223,NIKLAS,Spring OSR,Nottingham,Brassica Napus
U.Notthm_BnASSYST-254,BnASSYST-254, SRR3134224,TARGET,Spring OSR,Nottingham,Brassica Napus
U.Notthm_BnASSYST-256,BnASSYST-256, SRR3134225,KAROO-057DH,Spring OSR,Nottingham,Brassica Napus
U.Notthm_BnASSYST-257,BnASSYST-257, SRR3134226,MONTY-028DH,Spring OSR,Nottingham,Brassica Napus
U.Notthm_BnASSYST-258,BnASSYST-258, SRR3134227,N01D-1330,Spring OSR,Nottingham,Brassica Napus
U.Notthm_BnASSYST-259,BnASSYST-259, SRR3134228,N02D-1952,Spring OSR,Nottingham,Brassica Napus
U.Notthm_BnASSYST-260,BnASSYST-260, SRR3134229,SURPASS400-024DH,Spring OSR,Nottingham,Brassica Napus
U.Notthm_BnASSYST-261,BnASSYST-261, SRR3134230,CUBS ROOT,Spring OSR,Nottingham,Brassica Napus
U.Notthm_BnASSYST-262,BnASSYST-262, SRR3134231;SRR3138272,DUX,Spring OSR,Nottingham,Brassica Napus
U.Notthm_BnASSYST-263,BnASSYST-263, SRR3134232,ERGLU,Spring OSR,Nottingham,Brassica Napus
U.Notthm_BnASSYST-264,BnASSYST-264, SRR3134233,HELIOS,Spring OSR,Nottingham,Brassica Napus
U.Notthm_BnASSYST-265,BnASSYST-265, SRR3134234,KROKO,Spring OSR,Nottingham,Brassica Napus
U.Notthm_BnASSYST-267,BnASSYST-267, SRR3134235,LINETTA,Spring OSR,Nottingham,Brassica Napus
U.Notthm_BnASSYST-268,BnASSYST-268, SRR3134236,MAZOWIECKI,Spring OSR,Nottingham,Brassica Napus
U.Notthm_BnASSYST-269,BnASSYST-269, SRR3134237,TANTAL,Spring OSR,Nottingham,Brassica Napus
U.Notthm_BnASSYST-270,BnASSYST-270, SRR3134238,WEIHENSTEPHANER,Spring OSR,Nottingham,Brassica Napus
U.Notthm_BnASSYST-271,BnASSYST-271, SRR3134239,Liho,Spring fodder,Nottingham,Brassica Napus
U.Notthm_BnASSYST-272,BnASSYST-272, SRR3134240,Alku,Spring OSR,Nottingham,Brassica Napus
U.Notthm_BnASSYST-273,BnASSYST-273, SRR3134241,Bronowski,Spring OSR,Nottingham,Brassica Napus
U.Notthm_BnASSYST-274,BnASSYST-274, SRR3134242,Ceska Krajova,Spring OSR,Nottingham,Brassica Napus
U.Notthm_BnASSYST-275,BnASSYST-275, SRR3134243,Duplo,Spring OSR,Nottingham,Brassica Napus
U.Notthm_BnASSYST-276,BnASSYST-276, SRR3134244,Janetzkis Sommerraps,Spring OSR,Nottingham,Brassica Napus
U.Notthm_BnASSYST-277,BnASSYST-277, SRR3134245,Line,Spring OSR,Nottingham,Brassica Napus
U.Notthm_BnASSYST-278,BnASSYST-278, SRR3138275;SRR3134246,Marnoo,Spring OSR,Nottingham,Brassica Napus
U.Notthm_BnASSYST-279,BnASSYST-279, SRR3134247,Nugget,Spring OSR,Nottingham,Brassica Napus
U.Notthm_BnASSYST-280,BnASSYST-280, SRR3134248,Olga,Spring OSR,Nottingham,Brassica Napus
U.Notthm_BnASSYST-281,BnASSYST-281, SRR3134249,Spaeths Zollerngold,Spring OSR,Nottingham,Brassica Napus
U.Notthm_BnASSYST-282,BnASSYST-282, SRR3134250,Svalöf's Gulle,Spring OSR,Nottingham,Brassica Napus
U.Notthm_BnASSYST-283,BnASSYST-283, SRR3134251,Topas,Spring OSR,Nottingham,Brassica Napus
U.Notthm_BnASSYST-284,BnASSYST-284, SRR3134252,Tribute,Spring OSR,Nottingham,Brassica Napus
U.Notthm_BnASSYST-285,BnASSYST-285, SRR3134253,Wesway,Spring OSR,Nottingham,Brassica Napus
U.Notthm_BnASSYST-286,BnASSYST-286, SRR3134254,Fido,Spring OSR,Nottingham,Brassica Napus
U.Notthm_BnASSYST-287,BnASSYST-287, SRR3134255,Oro,Spring OSR,Nottingham,Brassica Napus
U.Notthm_BnASSYST-288,BnASSYST-288, SRR3134256,Tower,Spring OSR,Nottingham,Brassica Napus
U.Notthm_BnASSYST-289,BnASSYST-289, SRR3134257,Regina II,Spring OSR,Nottingham,Brassica Napus
U.Notthm_BnASSYST-290,BnASSYST-290, SRR3134258,Ability,Spring OSR,Nottingham,Brassica Napus
U.Notthm_BnASSYST-291,BnASSYST-291, SRR3134259,Campino,Spring OSR,Nottingham,Brassica Napus
U.Notthm_BnASSYST-292,BnASSYST-292, SRR3134260,Clipper,Spring OSR,Nottingham,Brassica Napus
U.Notthm_BnASSYST-299,BnASSYST-299, SRR3134261,Larissa,Spring OSR,Nottingham,Brassica Napus
U.Notthm_BnASSYST-300,BnASSYST-300, SRR3134262,Magma,Spring OSR,Nottingham,Brassica Napus
U.Notthm_BnASSYST-301,BnASSYST-301, SRR3134263,Monty,Spring OSR,Nottingham,Brassica Napus
U.Notthm_BnASSYST-302,BnASSYST-302, SRR3134264,Mozart,Spring OSR,Nottingham,Brassica Napus
U.Notthm_BnASSYST-305,BnASSYST-305, SRR3134265,Pauline,Spring OSR,Nottingham,Brassica Napus
U.Notthm_BnASSYST-306,BnASSYST-306, SRR3134266,Sophia,Spring OSR,Nottingham,Brassica Napus
U.Notthm_BnASSYST-307,BnASSYST-307, SRR3134267,Tribune,Spring OSR,Nottingham,Brassica Napus
U.Notthm_BnASSYST-308,BnASSYST-308, SRR3134268,Trigold,Spring OSR,Nottingham,Brassica Napus
U.Notthm_BnASSYST-309,BnASSYST-309, SRR3134269,Rivette,Spring OSR,Nottingham,Brassica Napus
U.Notthm_BnASSYST-312,BnASSYST-312, SRR3134270,Adamo,Spring OSR,Nottingham,Brassica Napus
U.Notthm_BnASSYST-313,BnASSYST-313, SRR3134271,Altex,Spring OSR,Nottingham,Brassica Napus
U.Notthm_BnASSYST-314,BnASSYST-314, SRR3134272,Andor,Spring OSR,Nottingham,Brassica Napus
U.Notthm_BnASSYST-315,BnASSYST-315, SRR3134273,Astor,Spring OSR,Nottingham,Brassica Napus
U.Notthm_BnASSYST-317,BnASSYST-317, SRR3134274,Bingo,Spring OSR,Nottingham,Brassica Napus
U.Notthm_BnASSYST-318,BnASSYST-318, SRR3134275,Callypso,Spring OSR,Nottingham,Brassica Napus
U.Notthm_BnASSYST-319,BnASSYST-319, SRR3134276,Concord,Spring OSR,Nottingham,Brassica Napus
U.Notthm_BnASSYST-320,BnASSYST-320, SRR3134277,Conny,Spring OSR,Nottingham,Brassica Napus
U.Notthm_BnASSYST-321,BnASSYST-321, SRR3134278,Czyzowska,Spring OSR,Nottingham,Brassica Napus
U.Notthm_BnASSYST-322,BnASSYST-322, SRR3134279,Daichousen (fuku),Spring OSR,Nottingham,Brassica Napus
U.Notthm_BnASSYST-323,BnASSYST-323, SRR3134280,Daichousen (mizuyasu),Spring OSR,Nottingham,Brassica Napus
U.Notthm_BnASSYST-324,BnASSYST-324, SRR3134281,Daichousen (nakano),Spring OSR,Nottingham,Brassica Napus
U.Notthm_BnASSYST-325,BnASSYST-325, SRR3134282,Erake,Spring OSR,Nottingham,Brassica Napus
U.Notthm_BnASSYST-326,BnASSYST-326, SRR3134283,Furax,Spring OSR,Nottingham,Brassica Napus
U.Notthm_BnASSYST-327,BnASSYST-327, SRR3134284,Futura,Spring OSR,Nottingham,Brassica Napus
U.Notthm_BnASSYST-328,BnASSYST-328, SRR3134285,Galant,Spring OSR,Nottingham,Brassica Napus
U.Notthm_BnASSYST-329,BnASSYST-329, SRR3134286,Giant Xr707,Spring OSR,Nottingham,Brassica Napus
U.Notthm_BnASSYST-330,BnASSYST-330, SRR3134287,Gisora,Spring OSR,Nottingham,Brassica Napus
U.Notthm_BnASSYST-333,BnASSYST-333, SRR3134288,Granit,Spring OSR,Nottingham,Brassica Napus
U.Notthm_BnASSYST-334,BnASSYST-334, SRR3134289,Gulliver,Spring OSR,Nottingham,Brassica Napus
U.Notthm_BnASSYST-335,BnASSYST-335, SRR3134290,Hankkija's Lauri,Spring OSR,Nottingham,Brassica Napus
U.Notthm_BnASSYST-338,BnASSYST-338, SRR3134291,Kajsa,Spring OSR,Nottingham,Brassica Napus
U.Notthm_BnASSYST-339,BnASSYST-339, SRR3134292,Korall,Spring OSR,Nottingham,Brassica Napus
U.Notthm_BnASSYST-340,BnASSYST-340, SRR3134293,Korinth,Spring OSR,Nottingham,Brassica Napus
U.Notthm_BnASSYST-341,BnASSYST-341, SRR3134294,Kosa,Spring OSR,Nottingham,Brassica Napus
U.Notthm_BnASSYST-342,BnASSYST-342, SRR3134295,Kruglik,Spring OSR,Nottingham,Brassica Napus
U.Notthm_BnASSYST-344,BnASSYST-344, SRR3134296,Lirafox,Spring OSR,Nottingham,Brassica Napus
U.Notthm_BnASSYST-345,BnASSYST-345, SRR3134297,Lirasol,Spring OSR,Nottingham,Brassica Napus
U.Notthm_BnASSYST-346,BnASSYST-346, SRR3134298,Liraspa,Spring OSR,Nottingham,Brassica Napus
U.Notthm_BnASSYST-347,BnASSYST-347, SRR3134299,Lirawell,Spring OSR,Nottingham,Brassica Napus
U.Notthm_BnASSYST-348,BnASSYST-348, SRR3134300,Lisandra,Spring OSR,Nottingham,Brassica Napus
U.Notthm_BnASSYST-349,BnASSYST-349, SRR3134301,Loras,Spring OSR,Nottingham,Brassica Napus
U.Notthm_BnASSYST-350,BnASSYST-350, SRR3134302,Mali,Spring OSR,Nottingham,Brassica Napus
U.Notthm_BnASSYST-351,BnASSYST-351, SRR3134303,Maris Haplona,Spring OSR,Nottingham,Brassica Napus
U.Notthm_BnASSYST-352,BnASSYST-352, SRR3134304,Masora,Spring OSR,Nottingham,Brassica Napus
U.Notthm_BnASSYST-354,BnASSYST-354, SRR3134305,Miyauchi Na,Spring OSR,Nottingham,Brassica Napus
U.Notthm_BnASSYST-355,BnASSYST-355, SRR3134306,Mlochowski,Spring OSR,Nottingham,Brassica Napus
U.Notthm_BnASSYST-357,BnASSYST-357, SRR3134307,Nakate Chousen,Spring OSR,Nottingham,Brassica Napus
U.Notthm_BnASSYST-358,BnASSYST-358, SRR3134308,Nosovskij 9,Spring OSR,Nottingham,Brassica Napus
U.Notthm_BnASSYST-359,BnASSYST-359, SRR3134309,Odin,Spring OSR,Nottingham,Brassica Napus
U.Notthm_BnASSYST-360,BnASSYST-360, SRR3134310,Olivia,Spring OSR,Nottingham,Brassica Napus
U.Notthm_BnASSYST-361,BnASSYST-361, SRR3134311,Omega,Spring OSR,Nottingham,Brassica Napus
U.Notthm_BnASSYST-362,BnASSYST-362, SRR3134312,Optima,Spring OSR,Nottingham,Brassica Napus
U.Notthm_BnASSYST-363,BnASSYST-363, SRR3134313,Orpal,Spring OSR,Nottingham,Brassica Napus
U.Notthm_BnASSYST-364,BnASSYST-364, SRR3134314,Orriba,Spring OSR,Nottingham,Brassica Napus
U.Notthm_BnASSYST-365,BnASSYST-365, SRR3134315,Pera,Spring OSR,Nottingham,Brassica Napus
U.Notthm_BnASSYST-366,BnASSYST-366, SRR3134316,Pivot,Spring OSR,Nottingham,Brassica Napus
U.Notthm_BnASSYST-367,BnASSYST-367, SRR3134317,Pobeda,Spring OSR,Nottingham,Brassica Napus
U.Notthm_BnASSYST-368,BnASSYST-368, SRR3134318,Puma,Spring OSR,Nottingham,Brassica Napus
U.Notthm_BnASSYST-369,BnASSYST-369, SRR3134319,Pura,Spring OSR,Nottingham,Brassica Napus
U.Notthm_BnASSYST-371,BnASSYST-371, SRR3134320,Reston,Spring OSR,Nottingham,Brassica Napus
U.Notthm_BnASSYST-372,BnASSYST-372, SRR3134321,Rsio,Spring OSR,Nottingham,Brassica Napus
U.Notthm_BnASSYST-373,BnASSYST-373, SRR3134322,Rucabo,Spring OSR,Nottingham,Brassica Napus
U.Notthm_BnASSYST-374,BnASSYST-374, SRR3134323,Sabine,Spring OSR,Nottingham,Brassica Napus
U.Notthm_BnASSYST-377,BnASSYST-377, SRR3134324,Sv 705152,Spring OSR,Nottingham,Brassica Napus
U.Notthm_BnASSYST-378,BnASSYST-378, SRR3134325,Sv 706118,Spring OSR,Nottingham,Brassica Napus
U.Notthm_BnASSYST-379,BnASSYST-379, SRR3134326,Sv 716,Spring OSR,Nottingham,Brassica Napus
U.Notthm_BnASSYST-380,BnASSYST-380, SRR3134327,Sv 75716,Spring OSR,Nottingham,Brassica Napus
U.Notthm_BnASSYST-381,BnASSYST-381, SRR3134328,Tanka,Spring OSR,Nottingham,Brassica Napus
U.Notthm_BnASSYST-382,BnASSYST-382, SRR3134329,Toro,Spring OSR,Nottingham,Brassica Napus
U.Notthm_BnASSYST-383,BnASSYST-383, SRR3134330,Triton,Spring OSR,Nottingham,Brassica Napus
U.Notthm_BnASSYST-384,BnASSYST-384, SRR3134331,Uranus,Spring OSR,Nottingham,Brassica Napus
U.Notthm_BnASSYST-388,BnASSYST-388, SRR3134332,Vega,Spring OSR,Nottingham,Brassica Napus
U.Notthm_BnASSYST-390,BnASSYST-390, SRR3134333,Wesbell,Spring OSR,Nottingham,Brassica Napus
U.Notthm_BnASSYST-392,BnASSYST-392, SRR3134334,Wesreo,Spring OSR,Nottingham,Brassica Napus
U.Notthm_BnASSYST-393,BnASSYST-393, SRR3134335,Wesroona,Spring OSR,Nottingham,Brassica Napus
U.Notthm_BnASSYST-394,BnASSYST-394, SRR3134336,Willi,Spring OSR,Nottingham,Brassica Napus
U.Notthm_BnASSYST-395,BnASSYST-395, SRR3134337,Ww 1286,Spring OSR,Nottingham,Brassica Napus
U.Notthm_BnASSYST-397,BnASSYST-397, SRR3134338,Ww1289,Spring OSR,Nottingham,Brassica Napus
U.Notthm_BnASSYST-398,BnASSYST-398, SRR3134339,Zachodni,Spring OSR,Nottingham,Brassica Napus
U.Notthm_BnASSYST-399,BnASSYST-399, SRR3134340,Zairai Chousenshu,Spring OSR,Nottingham,Brassica Napus
U.Notthm_BnASSYST-400,BnASSYST-400, SRR3134341,Zephyr,Spring OSR,Nottingham,Brassica Napus
U.Notthm_BnASSYST-401,BnASSYST-401, SRR3134342,VIGE DH1,Swede,Nottingham,Brassica Napus
U.Notthm_BnASSYST-403,BnASSYST-403, SRR3134343,FORTIN FAMILY,swede,Nottingham,Brassica Napus
U.Notthm_BnASSYST-405,BnASSYST-405, SRR3134344,KOHALIK SININE,swede,Nottingham,Brassica Napus
U.Notthm_BnASSYST-406,BnASSYST-406, SRR3134345,LORD DERBY,swede,Nottingham,Brassica Napus
U.Notthm_BnASSYST-407,BnASSYST-407, SRR3134346,TURNIP/RUTABAGA HYBRID,synthetic swede,Nottingham,Brassica Napus
U.Notthm_BnASSYST-408,BnASSYST-408, SRR3134347,VOGESA,swede,Nottingham,Brassica Napus
U.Notthm_BnASSYST-409,BnASSYST-409, SRR3134348,BRONZE TOP,swede,Nottingham,Brassica Napus
U.Notthm_BnASSYST-410,BnASSYST-410, SRR3134349,HUGUENOT,swede,Nottingham,Brassica Napus
U.Notthm_BnASSYST-411,BnASSYST-411, SRR3134350,JAUNE A COLLET VERT,swede,Nottingham,Brassica Napus
U.Notthm_BnASSYST-413,BnASSYST-413, SRR3134351,PIKE,swede,Nottingham,Brassica Napus
U.Notthm_BnASSYST-414,BnASSYST-414, SRR3134352,SENSATION NZ,swede,Nottingham,Brassica Napus
U.Notthm_BnASSYST-415,BnASSYST-415, SRR3134353,Wilhelmsburger,swede,Nottingham,Brassica Napus
U.Notthm_BnASSYST-417,BnASSYST-417, SRR3134354,Aberdeenshire Prize,swede,Nottingham,Brassica Napus
U.Notthm_BnASSYST-418,BnASSYST-418, SRR3134355,Altasweet,swede,Nottingham,Brassica Napus
U.Notthm_BnASSYST-421,BnASSYST-421, SRR3134356,Bangholm PT,swede,Nottingham,Brassica Napus
U.Notthm_BnASSYST-423,BnASSYST-423, SRR3134357,Britannia,swede,Nottingham,Brassica Napus
U.Notthm_BnASSYST-424,BnASSYST-424, SRR3134358,Conqueror Bronze Green Top,swede,Nottingham,Brassica Napus
U.Notthm_BnASSYST-426,BnASSYST-426, SRR3134359,Drummonds Purple Top,swede,Nottingham,Brassica Napus
U.Notthm_BnASSYST-427,BnASSYST-427, SRR3134360,Essex Model,swede,Nottingham,Brassica Napus
U.Notthm_BnASSYST-430,BnASSYST-430, SRR3134361,Parkside,swede,Nottingham,Brassica Napus
U.Notthm_BnASSYST-431,BnASSYST-431, SRR3134362,Peerless (Acme),swede,Nottingham,Brassica Napus
U.Notthm_BnASSYST-432,BnASSYST-432, SRR3134363,Purple Top,swede,Nottingham,Brassica Napus
U.Notthm_BnASSYST-433,BnASSYST-433, SRR3134364,Scotia,swede,Nottingham,Brassica Napus
U.Notthm_BnASSYST-434,BnASSYST-434, SRR3134365,Tankard Bronze Top,swede,Nottingham,Brassica Napus
U.Notthm_BnASSYST-435,BnASSYST-435, SRR3134366,The Bell,swede,Nottingham,Brassica Napus
U.Notthm_BnASSYST-436,BnASSYST-436, SRR3134367,Tina,swede,Nottingham,Brassica Napus
U.Notthm_BnASSYST-438,BnASSYST-438, SRR3134368,YORK,swede,Nottingham,Brassica Napus
U.Notthm_BnASSYST-442,BnASSYST-442, SRR3134369,Hollandse Gele Roodkop,swede,Nottingham,Brassica Napus
U.Notthm_BnASSYST-443,BnASSYST-443, SRR3134370,Brandhaug,swede,Nottingham,Brassica Napus
U.Notthm_BnASSYST-445,BnASSYST-445, SRR3134371,Laugabolsrofa,swede,Nottingham,Brassica Napus
U.Notthm_BnASSYST-447,BnASSYST-447, SRR3134372,Rotabaggeue,swede,Nottingham,Brassica Napus
U.Notthm_BnASSYST-451,BnASSYST-451, SRR3134373,Kalfafellsrofa,swede,Nottingham,Brassica Napus
U.Notthm_BnASSYST-452,BnASSYST-452, SRR3134374,Magres Pajberg,swede,Nottingham,Brassica Napus
U.Notthm_BnASSYST-453,BnASSYST-453, SRR3134375,Sator Oetofte,swede,Nottingham,Brassica Napus
U.Notthm_BnASSYST-454,BnASSYST-454, SRR3134376,Troendersk Kvithamar,swede,Nottingham,Brassica Napus
U.Notthm_BnASSYST-509,BnASSYST-509, SRR3134377,Cabernet,Winter OSR,JIC,Brassica Napus
U.Notthm_BnASSYST-510,BnASSYST-510, SRR3134378,Cabriolet,Winter OSR,JIC,Brassica Napus
U.Notthm_BnASSYST-511,BnASSYST-511, SRR3134379,Castille,Winter OSR,JIC,Brassica Napus
U.Notthm_BnASSYST-512,BnASSYST-512, SRR3134380,Catana,Winter OSR,JIC,Brassica Napus
U.Notthm_BnASSYST-513,BnASSYST-513, SRR3134381,Chuanyou 2,Exotics Semiwinter OSR,JIC,Brassica Napus
U.Notthm_BnASSYST-514,BnASSYST-514, SRR3134382,Dimension,Winter OSR,JIC,Brassica Napus
U.Notthm_BnASSYST-515,BnASSYST-515,,Excalibur,Winter OSR,JIC,Brassica Napus
U.Notthm_BnASSYST-516,BnASSYST-516, SRR3134384,Flash,Winter OSR,JIC,Brassica Napus
U.Notthm_BnASSYST-517,BnASSYST-517, SRR3134385,Huron x Navajo,Winter OSR,JIC,Brassica Napus
U.Notthm_BnASSYST-518,BnASSYST-518, SRR3134386,Inca x Contact,Winter OSR,JIC,Brassica Napus
U.Notthm_BnASSYST-520,BnASSYST-520, SRR3134387,Ningyou 7,Exotics Semiwinter OSR,JIC,Brassica Napus
U.Notthm_BnASSYST-521,BnASSYST-521, SRR3134388,Palmedor,Winter OSR,JIC,Brassica Napus
U.Notthm_BnASSYST-522,BnASSYST-522, SRR3134389,"POH 285, Bolko",Winter OSR,JIC,Brassica Napus
U.Notthm_BnASSYST-523,BnASSYST-523, SRR3134390,Quinta,Winter OSR,JIC,Brassica Napus
U.Notthm_BnASSYST-524,BnASSYST-524, SRR3134391,Rocket,Winter OSR,JIC,Brassica Napus
U.Notthm_BnASSYST-526,BnASSYST-526, SRR3134392,Shengliyoucai,Exotics Semiwinter OSR,JIC,Brassica Napus
U.Notthm_BnASSYST-527,BnASSYST-527, SRR3134393,Temple,Winter OSR,JIC,Brassica Napus
U.Notthm_BnASSYST-528,BnASSYST-528, SRR3134394,Vision,Winter OSR,JIC,Brassica Napus
U.Notthm_BnASSYST-529,BnASSYST-529, SRR3134395,Xiangyou 15,Exotics Semiwinter OSR,JIC,Brassica Napus
U.Notthm_BnASSYST-530,BnASSYST-530, SRR3134396,Zhongshuang II,Exotics Semiwinter OSR,JIC,Brassica Napus
U.Notthm_Bronze-535,Bronze-535, SRR3134397,Bronze-535,,Nottingham,Brassica Napus
U.Notthm_Cracker-531,Cracker-531, SRR3134398,Cracker-531,Winter OSR,Nottingham,Brassica Napus
U.Notthm_Cracker-532,Cracker-532,,Cracker-531,Winter OSR,Nottingham,Brassica Napus
U.Notthm_Bronze-536,Bronze-536,,Bronze-536,,Nottingham,Brassica Napus
